id_cliente,nombre,correo,telefono
1,Terry Smith,davischristopher@alexander-torres.com,1407726504
2,Meghan Newman,christophersmall@mccarthy-norman.com,450.557.7248x174
3,Matthew Hale,pittmanrobert@hotmail.com,001-761-690-0594
4,Stephen Robinson,tammyedwards@anderson.biz,521-027-9937x232
5,Melvin Burgess,april82@yahoo.com,145.048.4497
6,Gerald Hill MD,williamsadam@hawkins.com,812.367.4481x50813
7,Catherine Hood,vestrada@hotmail.com,(786)689-5607x508
8,Michael Johnson,victoria93@hester.com,+1-258-076-3988x48885
9,Renee Mullins,emilyrichmond@hotmail.com,+1-124-214-1898x92612
10,Tony Robles,jerryray@gmail.com,2005942012
11,Paula Diaz,ajensen@gmail.com,084.247.0213x420
12,Connie Rodriguez,srussell@coffey.com,+1-325-671-2190x7511
13,Michael Williams,jacobreid@gmail.com,1948850240
14,Allison Crane,davislogan@gmail.com,(108)226-9957x15163
15,Debra Martin,stewartjenna@gmail.com,001-769-750-2309x3680
16,Kenneth Shea,christine90@bishop-taylor.biz,+1-757-633-2705
17,Mrs. Charlene Neal,patrickholder@gmail.com,616-227-0733x6829
18,Jodi Hawkins,taylormunoz@hotmail.com,766-209-8469x257
19,Christopher Shaw,dale45@smith.org,001-006-584-5495x9104
20,Laura Kim,wendy70@reed-preston.com,001-508-910-2482
21,Aaron Griffin,chelseaclarke@yahoo.com,+1-740-623-9241x60194
22,Kevin Mullen,littlehannah@jimenez.info,(274)365-7143
23,Julie Bowman,rleblanc@hotmail.com,520-385-0328x63196
24,Melvin Walter,jamesrussell@gmail.com,(890)144-6908x46384
25,Richard Soto,jacob08@johnson-harvey.com,001-872-541-5486x006
26,Kimberly Weaver,thompsoncourtney@gmail.com,8631210791
27,Robert Colon,eburton@hotmail.com,001-692-384-6533x964
28,Alexis Stewart,paulscott@donovan.org,+1-583-109-6651x2721
29,Heather Smith,dickersonwanda@hawkins.com,995-865-1575
30,Laurie Rodriguez,lawrenceamy@morgan.com,001-088-596-7431x2441
31,Tami Ball,rachel64@bartlett.com,962-631-9473x810
32,Kenneth Li,duncanscott@ayers-torres.com,(877)218-2767
33,Michael Bird,thompsonjohn@yahoo.com,650.493.9583x426
34,Jason Castillo,kingcaleb@callahan.com,+1-048-679-2085
35,Sherry Hart,kcantu@garrison.com,(753)426-0681
36,Jonathan Lee,asnyder@gmail.com,+1-840-942-9472x2193
37,Maria Long,carrollpamela@gmail.com,012.788.9508x88585
38,Rebecca Ruiz,andrew42@gmail.com,(605)063-7108x34976
39,Joshua Anderson,jessicapitts@gmail.com,037.643.2918
40,Heather Barnes,swilliams@hanson.com,+1-431-508-4203x81903
41,Amanda Case,amycampbell@gmail.com,292-233-8269
42,Zachary Guzman,anichols@bird.com,417.196.4385
43,Dr. Katie Pierce,raymarvin@hotmail.com,337.313.3252
44,John Hines,uolson@boyd.net,203.064.7084
45,William Briggs,myersdavid@west.org,(057)416-2430
46,Terry Willis,paynemichael@harris.info,+1-407-075-8995x1383
47,Amber Norton,qryan@chavez.com,(502)889-6974
48,Sara Hart,danielhart@rhodes.com,(469)923-0515x177
49,Charles Davis,craigdouglas@collins.info,836.392.9359x5977
50,Kristen Guerra,carolyn97@cooke.org,+1-749-599-9022x303
51,Kelsey Hampton,shane70@hotmail.com,001-707-077-9499x13470
52,Charles Ray,buchanananthony@hotmail.com,544-437-7278x7994
53,Justin Hill,vdeleon@graves-pruitt.com,(062)545-8889x04792
54,John Walker,michael28@gmail.com,(458)437-1266
55,Kelly Shannon,llopez@hotmail.com,+1-658-956-6833x9725
56,Andrea Jensen,qgibson@hotmail.com,+1-021-079-6305x9483
57,Johnathan Alexander,zhangbryce@sanchez.com,(691)844-4788
58,Amy Jones,daniel03@hughes-snow.biz,+1-292-719-3504x7163
59,Troy Kelley,ifisher@hotmail.com,001-727-610-2558x3584
60,William Silva,brett68@ferguson-aguirre.com,464-896-5108
61,Rebecca Daniels,margaretmeyer@fleming.org,473-077-0275
62,Mary Dunn,brittney18@yahoo.com,001-287-917-5912
63,Richard Norman,russell02@yahoo.com,001-542-091-0076x1157
64,Zachary Gomez,shawnagarner@gmail.com,(551)173-1994x51767
65,Dr. Shelby Howard MD,vsanders@gmail.com,726.020.5847x04189
66,Robert Baldwin,rodriguezcheryl@williams.com,789-504-6939
67,Vernon Miller,djimenez@miller-williams.com,212.966.8816x965
68,Catherine Day,carolyn12@hotmail.com,001-352-519-7210x150
69,Denise Newman,julia89@norris.info,399.908.8745x085
70,Richard Romero,cochranstacey@gmail.com,(307)872-9937x6406
71,Kim Ellis,william04@yahoo.com,598.810.5827
72,Joseph Edwards,santosdenise@martin.com,889.997.5025x98220
73,Dustin Sutton,jack35@erickson-martinez.biz,001-822-934-5812x022
74,Stephen Andersen,jeffreyweiss@moore.com,285.033.8556x340
75,Kenneth Hayes,tina16@hotmail.com,001-953-379-4991x0749
76,Richard Elliott,grice@flowers.com,872-318-9228x741
77,Michael Aguilar,itran@hotmail.com,001-845-251-0224x858
78,Hannah Greene,pettyashley@gmail.com,+1-788-598-1097x2834
79,Tiffany Turner,mhunter@garza-macias.org,(081)712-0366x36689
80,Preston Moyer,rstone@hotmail.com,292-453-6833x712
81,James Campos,tjohnson@hotmail.com,3163575268
82,Lisa Brady,umclean@yahoo.com,367.166.1193
83,Jeffrey Diaz,kcook@hotmail.com,+1-852-155-2184x2303
84,Paul Jones,rachel65@wang.biz,678-239-8962
85,Robert Barry,brettgordon@peters.com,+1-236-937-9796x38963
86,Michelle Smith,rossaaron@hotmail.com,+1-470-423-9801x0841
87,Jessica Smith,dylanvasquez@yahoo.com,+1-201-825-4789
88,Daniel Trujillo,alexanderthompson@stevens-melton.com,(657)723-3820
89,Michael Perez,lerobert@harvey.com,422.039.0636x3660
90,Linda Rice,patrickperry@hotmail.com,(612)053-6032x1589
91,Brenda Wilson,elizabethpage@yahoo.com,(486)624-0440x945
92,David Sims,robertsjacob@vazquez.com,+1-314-186-1703
93,Catherine Martinez,amy29@conway-murphy.info,001-065-579-8741x6475
94,Robert Stephens,hubbardsarah@rush.com,9056236746
95,Melissa Trevino,wrightmichael@hotmail.com,011.519.3918
96,Brian Thomas,william61@turner-frank.com,202.305.6582x183
97,Andrew Smith,uwhite@yahoo.com,001-213-614-7868x12847
98,Daniel Hughes,corteztonya@hotmail.com,090-887-0881x0351
99,Christopher Young,yporter@roberts.org,+1-795-615-1237x018
100,Aaron Perry,swarren@spence.com,+1-526-723-5618x77224
